{"initial_reset_timestamp": 1562514099.5241137, "timestamps": [1562514135.2560253, 1562514180.7227285, 1562514198.0800478, 1562514202.257798, 1562514206.2494893, 1562514211.8883717, 1562514214.976939, 1562514218.0858557, 1562514221.1765528, 1562514225.7515447, 1562514228.6199934, 1562514230.7471144, 1562514234.6800053, 1562514236.9459128, 1562514242.665787, 1562514259.503725, 1562514262.39568, 1562514269.380691, 1562514273.8349602, 1562514276.8674526, 1562514279.7779217, 1562514281.9041226, 1562514284.0901954, 1562514293.1412907, 1562514296.1303923, 1562514298.275836, 1562514302.849979, 1562514305.8779786, 1562514320.7300744, 1562514353.21783, 1562514357.3568406, 1562514370.5006588, 1562514372.907176, 1562514377.40055, 1562514380.3919573, 1562514383.2824838, 1562514399.3825386, 1562514403.8406436, 1562514406.828962, 1562514408.9345496, 1562514412.9302053, 1562514439.5277212, 1562514442.378643, 1562514444.7583973, 1562514447.0849967, 1562514451.116623, 1562514453.751723, 1562514456.5041153, 1562514486.1549017, 1562514489.7852666], "episode_lengths": [1770, 2232, 844, 187, 178, 260, 133, 134, 133, 207, 122, 85, 175, 92, 264, 818, 123, 327, 201, 130, 124, 85, 88, 430, 128, 86, 207, 130, 719, 1597, 185, 634, 99, 203, 128, 123, 781, 201, 128, 84, 178, 1304, 121, 96, 95, 180, 110, 111, 1455, 160], "episode_rewards": [-1770.0, -2232.0, -844.0, -187.0, -178.0, -260.0, -133.0, -134.0, -133.0, -207.0, -122.0, -85.0, -175.0, -92.0, -264.0, -818.0, -123.0, -327.0, -201.0, -130.0, -124.0, -85.0, -88.0, -430.0, -128.0, -86.0, -207.0, -130.0, -719.0, -1597.0, -185.0, -634.0, -99.0, -203.0, -128.0, -123.0, -781.0, -201.0, -128.0, -84.0, -178.0, -1304.0, -121.0, -96.0, -95.0, -180.0, -110.0, -111.0, -1455.0, -160.0], "episode_types": ["t", "t", "t", "t", "t", "t", "t", "t", "t", "t", "t", "t", "t", "t", "t", "t", "t", "t", "t", "t", "t", "t", "t", "t", "t", "t", "t", "t", "t", "t", "t", "t", "t", "t", "t", "t", "t", "t", "t", "t", "t", "t", "t", "t", "t", "t", "t", "t", "t", "t", "t", "t"]}