{"initial_reset_timestamp": 1562511568.5294645, "timestamps": [1562511578.3443, 1562511588.5545812, 1562511589.055151, 1562511589.5557215, 1562511590.0562367, 1562511590.7568374, 1562511591.6576428, 1562511592.5585833, 1562511598.463854, 1562511599.5648358, 1562511604.5720956, 1562511606.5742183, 1562511608.3759718, 1562511614.4821482, 1562511622.3900824, 1562511628.295717, 1562511629.9974942, 1562511633.10064, 1562511634.4018745, 1562511635.2029903, 1562511636.406196, 1562511640.6101718, 1562511641.0106149, 1562511642.2118952, 1562511643.0127196, 1562511643.8135579, 1562511645.0146973, 1562511646.315839, 1562511647.1165273, 1562511648.1174307, 1562511649.318542, 1562511650.1192138, 1562511651.1203907, 1562511651.9212365, 1562511652.7220602, 1562511653.5228417, 1562511655.8253672, 1562511656.626176, 1562511657.4270465, 1562511658.2278938, 1562511659.0286345, 1562511659.8294048, 1562511660.630107, 1562511661.531427, 1562511662.7327154, 1562511663.5334969, 1562511664.4342356, 1562511666.1358378, 1562511666.9367528, 1562511667.8377166, 1562511668.6385956, 1562511669.4394233, 1562511670.6405253, 1562511671.341147, 1562511672.141806, 1562511672.9426575, 1562511674.4440343, 1562511675.2448394, 1562511676.9502342, 1562511678.4516413, 1562511679.952838, 1562511680.8537538, 1562511682.3552206, 1562511683.1561046, 1562511683.9569635, 1562511691.664485, 1562511694.4671483, 1562511695.9684362, 1562511696.7691693, 1562511699.3711817, 1562511702.0736299, 1562511703.8753457, 1562511704.6761553, 1562511705.4770482, 1562511709.2811558, 1562511710.8828418, 1562511711.6837575, 1562511712.4846506, 1562511713.2854521, 1562511714.4867306, 1562511715.2876377, 1562511716.8902135, 1562511717.6910453, 1562511718.59173, 1562511719.3924809, 1562511720.1932147, 1562511721.0939546, 1562511721.8947585, 1562511722.6956508, 1562511723.4964828, 1562511724.2972598, 1562511725.0981703, 1562511725.8989024, 1562511726.6997123, 1562511727.5005293, 1562511728.8017182, 1562511729.7026615, 1562511730.503596, 1562511731.4043508, 1562511732.2051437, 1562511733.0060072, 1562511733.8067145, 1562511734.607434, 1562511735.408249, 1562511736.4092622, 1562511737.2099733, 1562511738.0108297, 1562511738.8115866, 1562511739.6123238, 1562511740.4132137, 1562511741.2138145, 1562511742.0146523, 1562511742.8154728, 1562511743.6161928, 1562511744.4169333, 1562511745.31773, 1562511746.118546, 1562511746.919323, 1562511747.720008, 1562511748.5208828, 1562511749.3217962, 1562511750.1227152, 1562511750.9234853, 1562511751.7242148, 1562511752.5249753, 1562511752.9252508, 1562511753.7259521, 1562511754.6267471, 1562511755.427541, 1562511756.2283142, 1562511757.029098, 1562511757.829947, 1562511758.630529, 1562511759.4312968, 1562511760.232145, 1562511761.1329718, 1562511762.1338475, 1562511762.934658, 1562511763.7354345, 1562511764.6363244, 1562511765.8374255, 1562511766.6381202, 1562511767.4388688, 1562511768.2397513, 1562511769.040659, 1562511769.841635, 1562511770.642323, 1562511771.442935, 1562511772.2436674, 1562511773.0445182, 1562511773.8452518, 1562511774.6460595, 1562511776.047318, 1562511776.8482149, 1562511777.6489787, 1562511778.4497418, 1562511779.2506518, 1562511780.0514758, 1562511780.8523664, 1562511781.6531785, 1562511782.4539633, 1562511783.2548606, 1562511784.0556989, 1562511784.8565745, 1562511785.6573987, 1562511786.458308, 1562511787.259253, 1562511788.06009, 1562511788.861162, 1562511789.6619623, 1562511790.4628754, 1562511791.2637708, 1562511792.0647402, 1562511792.8656309, 1562511793.6664283, 1562511794.4673162, 1562511795.2682006, 1562511796.0690954, 1562511796.9700792, 1562511797.7709527, 1562511798.5717793, 1562511799.3726723, 1562511800.1741953, 1562511800.9750245, 1562511801.7758625, 1562511802.5767536, 1562511803.3774633, 1562511804.1782827, 1562511804.979113, 1562511805.7799225, 1562511806.5807145, 1562511807.3814213, 1562511808.1823022, 1562511808.9830632, 1562511809.7838643, 1562511810.584563, 1562511811.3852153, 1562511812.185839, 1562511812.9866786, 1562511813.7874506, 1562511814.5882182, 1562511815.3891187, 1562511816.1898909, 1562511816.9909492, 1562511817.7917738, 1562511818.592582, 1562511819.393231, 1562511820.1939483, 1562511820.9947174, 1562511821.7954462, 1562511822.5962238, 1562511823.397006, 1562511824.197745, 1562511824.9984825, 1562511825.7991114, 1562511826.5997803, 1562511827.4006224, 1562511828.2014318, 1562511829.0022025, 1562511829.8028562, 1562511830.6036553, 1562511831.4044507, 1562511832.20524, 1562511833.0060892, 1562511833.8067129, 1562511834.6074038, 1562511835.408435, 1562511836.2092052, 1562511837.0100439, 1562511837.8106236, 1562511838.6114724, 1562511839.4121935, 1562511840.2131991, 1562511841.0138183, 1562511841.8176558, 1562511842.6184342, 1562511843.4193146, 1562511844.2202132, 1562511845.0212142, 1562511845.8220136, 1562511846.6228306, 1562511847.4236546, 1562511848.2243884, 1562511849.0251136, 1562511849.825968, 1562511850.6266832, 1562511851.4274359, 1562511852.2281666, 1562511853.0287888, 1562511853.8296335, 1562511854.6304193, 1562511855.4312603, 1562511856.232001, 1562511857.0327132, 1562511857.8335466, 1562511858.634326, 1562511859.4350567, 1562511860.235823, 1562511861.03657, 1562511861.8379097, 1562511862.6386137, 1562511863.4394338, 1562511864.2402244, 1562511865.0408247, 1562511865.8416247, 1562511866.6423259, 1562511867.4431715, 1562511868.2438788, 1562511869.0451145, 1562511869.8463447, 1562511870.647214, 1562511871.4479933, 1562511872.2488763, 1562511873.0496335, 1562511873.8503428, 1562511874.651069, 1562511875.4517307, 1562511876.2525647, 1562511877.053484, 1562511877.854215, 1562511878.65493, 1562511879.4556322, 1562511880.2564344, 1562511881.0572155, 1562511881.8578417, 1562511882.6586452, 1562511883.4594774, 1562511884.2602592, 1562511885.0611305, 1562511885.8619387, 1562511886.662737, 1562511887.4636085, 1562511888.2644758, 1562511889.0652635, 1562511889.86603, 1562511890.6668398, 1562511891.4677093, 1562511892.2685838, 1562511893.0692163, 1562511893.8699763, 1562511894.6707165, 1562511895.4714556, 1562511896.272214, 1562511897.072949, 1562511897.8737154, 1562511898.67452, 1562511899.475376, 1562511900.276247, 1562511901.0769222, 1562511901.8777187, 1562511902.6784263, 1562511903.4791715, 1562511904.2799733, 1562511905.0805845, 1562511905.881477, 1562511906.6821744, 1562511907.4829462, 1562511908.2837129, 1562511909.0843403, 1562511909.8852134, 1562511910.6859572, 1562511911.4867148, 1562511912.2875788, 1562511913.0884907, 1562511913.8893619, 1562511914.690182, 1562511915.4909494, 1562511916.2917454, 1562511917.0925138, 1562511917.8933609, 1562511918.6941469, 1562511919.4949255, 1562511920.2958093, 1562511921.0966904, 1562511921.8976204, 1562511922.698328, 1562511923.4991467, 1562511924.299923, 1562511925.100777, 1562511925.901573, 1562511926.7059603, 1562511927.5068316, 1562511928.3077047, 1562511929.1085749, 1562511929.9093828, 1562511930.7102804, 1562511931.5111334, 1562511932.3120296, 1562511933.1128628, 1562511933.9137294, 1562511934.7144763, 1562511935.5153737, 1562511936.3161652, 1562511937.1169286, 1562511937.9176288, 1562511938.7183619, 1562511939.5191977, 1562511940.3200119, 1562511941.1208594, 1562511941.9216375, 1562511942.7222362, 1562511943.522974, 1562511944.3237786, 1562511945.1245563, 1562511945.9253242, 1562511946.7260597, 1562511947.5267596, 1562511948.3275082, 1562511949.2283247, 1562511950.0291448, 1562511950.8299353, 1562511951.6307945, 1562511952.4319246, 1562511953.2326784, 1562511954.0332737, 1562511954.8339527, 1562511955.6346219, 1562511956.435314, 1562511957.235978, 1562511958.036824, 1562511958.83766, 1562511959.6384351, 1562511960.4391737, 1562511961.2398412, 1562511962.0404809, 1562511962.8411932, 1562511963.6418436, 1562511964.4426596, 1562511965.2434685, 1562511966.044176, 1562511966.8449745, 1562511967.645638, 1562511968.4464364, 1562511969.247323, 1562511970.0481482, 1562511970.8489337, 1562511971.649743, 1562511972.4506016, 1562511973.251456, 1562511974.052456, 1562511974.8532336, 