{"initial_reset_timestamp": 1562512453.1231205, "timestamps": [1562512463.038663, 1562512464.439953, 1562512465.2407322, 1562512470.946136, 1562512471.4466276, 1562512471.9471292, 1562512472.4475207, 1562512472.9480176, 1562512482.8574574, 1562512484.1587374, 1562512487.6620224, 1562512489.763965, 1562512498.973363, 1562512501.5761075, 1562512503.3780918, 1562512503.978758, 1562512504.6796002, 1562512506.5840273, 1562512509.0868144, 1562512510.4882636, 1562512511.88961, 1562512512.6904058, 1562512513.4913201, 1562512514.6925895, 1562512520.0981097, 1562512522.2003338, 1562512524.1021109, 1562512525.5033362, 1562512526.3041644, 1562512527.1050038, 1562512528.3060431, 1562512529.1068037, 1562512530.0076785, 1562512530.8083909, 1562512531.6091094, 1562512532.810368, 1562512533.611108, 1562512534.4120011, 1562512535.2127545, 1562512536.2137418, 1562512537.0144112, 1562512537.4148147, 1562512538.2154815, 1562512539.4166772, 1562512540.7179077, 1562512542.1192575, 1562512542.5195184, 1562512543.3203397, 1562512546.123151, 1562512547.1241689, 1562512547.9249856, 1562512548.7257423, 1562512549.1261609, 1562512549.9268906, 1562512551.228109, 1562512552.0288904, 1562512557.1334138, 1562512557.9342198, 1562512558.7349615, 1562512559.635921, 1562512561.9381158, 1562512562.939076, 1562512563.7398643, 1562512564.54079, 1562512565.341516, 1562512566.542652, 1562512567.3434541, 1562512568.7448921, 1562512569.645742, 1562512570.4463909, 1562512571.8478677, 1562512573.1493685, 1562512573.9501517, 1562512574.7508905, 1562512575.5517197, 1562512576.3524163, 1562512577.4536438, 1562512578.3544142, 1562512579.257639, 1562512580.2585273, 1562512581.0592618, 1562512581.8600273, 1562512582.9609993, 1562512585.3635166, 1562512586.3643904, 1562512587.1651113, 1562512587.965854, 1562512588.7664087, 1562512590.3678925, 1562512591.5690029, 1562512592.3697393, 1562512592.7700374, 1562512593.971223, 1562512595.9731126, 1562512596.9740014, 1562512597.7747033, 1562512598.5754104, 1562512599.6764832, 1562512600.5773878, 1562512601.3781464, 1562512602.2790046, 1562512603.0796273, 1562512603.580108, 1562512604.781185, 1562512605.1815991, 1562512607.1835215, 1562512607.984148, 1562512609.786025, 1562512610.5868556, 1562512611.487708, 1562512612.2886133, 1562512613.289566, 1562512614.891083, 1562512616.392754, 1562512617.193629, 1562512617.9944532, 1562512618.795342, 1562512619.596227, 1562512620.4971123, 1562512621.6984208, 1562512623.0996869, 1562512623.9005935, 1562512625.1018498, 1562512625.9029965, 1562512626.7038567, 1562512627.5046318, 1562512628.8060617, 1562512629.6069653, 1562512630.4078493, 1562512631.2087066, 1562512632.3098493, 1562512633.110632, 1562512633.9115007, 1562512634.7122898, 1562512635.5131083, 1562512636.3139899, 1562512637.3150368, 1562512638.1159446, 1562512638.9166331, 1562512640.1178548, 1562512641.0188487, 1562512641.81975, 1562512642.6205966, 1562512643.6216292, 1562512644.42251, 1562512645.2232728, 1562512646.0240364, 1562512646.8248532, 1562512647.6257412, 1562512648.4265633, 1562512649.2274647, 1562512650.0282524, 1562512650.8291578, 1562512651.629962, 1562512652.4308622, 1562512653.2315264, 1562512654.0323982, 1562512654.6330204, 1562512655.433741, 1562512656.2344205, 1562512657.035327, 1562512657.8360407, 1562512658.6368055, 1562512659.4376295, 1562512660.2383766, 1562512661.039254, 1562512661.8400235, 1562512662.6410842, 1562512663.4419665, 1562512664.2426198, 1562512665.0434818, 1562512665.844329, 1562512666.6451452, 1562512667.44599, 1562512668.2468066, 1562512669.04764, 1562512669.848527, 1562512670.749487, 1562512671.5502548, 1562512672.3511033, 1562512673.1519973, 1562512674.1530797, 1562512674.9539776, 1562512675.7548795, 1562512676.5557463, 1562512677.3567166, 1562512678.157603, 1562512678.9584897, 1562512679.7593763, 1562512680.5602167, 1562512681.3611033, 1562512682.1619651, 1562512682.9628484, 1562512683.763634, 1562512684.5647335, 1562512685.3655424, 1562512686.1665227, 1562512686.9673786, 1562512687.7681515, 1562512688.5689917, 1562512689.3697422, 1562512690.1705408, 1562512690.9715178, 1562512691.7723908, 1562512692.5732641, 1562512693.3740594, 1562512694.1748514, 1562512694.9756322, 1562512695.7765133, 1562512696.5773716, 1562512697.3780408, 1562512698.1789286, 1562512698.9797099, 1562512699.7805858, 1562512700.5814397, 1562512701.38231, 1562512702.183222, 1562512702.9840033, 1562512703.7848828, 1562512704.5855918, 1562512705.3863664, 1562512706.1872363, 1562512706.9881487, 1562512707.7890406, 1562512708.5899334, 1562512709.3907487, 1562512710.1915271, 1562512710.9924076, 1562512711.7932584, 1562512712.5940723, 1562512713.3948464, 1562512714.1956017, 1562512714.9964747, 1562512715.797351, 1562512716.5981648, 1562512717.3987033, 1562512718.1994653, 1562512719.0001435, 1562512719.8009772, 1562512720.6016362, 1562512721.402611, 1562512722.2033541, 1562512723.0041602, 1562512723.8051002, 1562512724.6058524, 1562512725.406407, 1562512726.2072535, 1562512727.0080216, 1562512727.8088522, 1562512728.6095219, 1562512729.4100947, 1562512730.210976, 1562512731.0118716, 1562512731.8126564, 1562512732.6133692, 1562512733.4141884, 1562512734.2149813, 1562512735.0158536, 1562512735.8167393, 1562512736.6173909, 1562512737.4181406, 1562512738.2190316, 1562512739.0198514, 1562512739.8206346, 1562512740.6215825, 1562512741.4224207, 1562512742.2232904, 1562512743.0241148, 1562512743.8248208, 1562512744.6254115, 1562512745.4260612, 1562512746.2268164, 1562512747.0274842, 1562512747.8283308, 1562512748.6291418, 1562512749.4299657, 1562512750.2306437, 1562512751.0314033, 1562512751.8321736, 1562512752.6328876, 1562512753.4335475, 1562512754.2343318, 1562512755.0351036, 1562512755.835777, 1562512756.6366117, 1562512757.4373877, 1562512758.2381399, 1562512759.0389185, 1562512759.839737, 1562512760.640484, 1562512761.4413319, 1562512762.2420213, 1562512763.0431635, 1562512763.8440416, 1562512764.6448584, 1562512765.4457428, 1562512766.246395, 1562512767.0472436, 1562512767.848154, 1562512768.6490493, 1562512769.4498591, 1562512770.250689, 1562512771.0515032, 1562512771.8522866, 1562512772.6530852, 1562512773.4539762, 1562512774.2548609, 1562512775.0558617, 1562512775.856595, 1562512776.6573925, 1562512777.4580393, 1562512778.2587306, 1562512779.0594306, 1562512779.860141, 1562512780.6608944, 1562512781.4616327, 1562512782.262434, 1562512783.0633376, 1562512783.864146, 1562512784.665012, 1562512785.4656336, 1562512786.2664156, 1562512787.0672538, 1562512787.8678916, 1562512788.6686997, 1562512789.4694955, 1562512790.2702768, 1562512791.0710375, 1562512791.8718574, 1562512792.6725228, 1562512793.4732583, 1562512794.2738903, 1562512795.0746253, 1562512795.8754091, 1562512796.6760387, 1562512797.4768403, 1562512798.277433, 1562512799.0782754, 1562512799.8790364, 1562512800.679848, 1562512801.480594, 1562512802.281367, 1562512803.0819976, 1562512803.8826282, 1562512804.6833732, 1562512805.4840622, 1562512806.2848063, 1562512807.0855446, 1562512807.8862565, 1562512808.6868942, 1562512809.4877024, 1562512810.288481, 1562512811.0892725, 1562512811.8900602, 1562512812.690857, 1562512813.4916449, 1562512814.29243, 1562512815.0932198, 1562512815.8938904, 1562512816.6946263, 1562512817.4953642, 1562512818.2961586, 1562512819.09689, 1562512819.897602, 1562512820.6982586, 1562512821.49906, 1562512822.2998152, 1562512823.1005352, 1562512823.90138, 1562512824.7020018, 1562512825.5027518, 1562512826.3033955, 1562512827.1043768, 1562512827.9051406, 1562512828.7059667, 1562512829.5068414, 1562512830.3076382, 1562512831.108416, 1562512831.909278, 1562512832.7100425, 1562512833.5107453, 1562512834.311599, 1562512835.1124103, 1562512835.913259, 1562512836.713892, 1562512837.514754, 1562512838.3156407, 1562512839.1163917, 1562512839.917108, 1562512840.7179651, 1562512841.518626, 1562512842.3226993, 1562512843.1233912, 1562512843.924224, 1562512844.7248917, 1562512845.5255158, 1562512846.3263662, 1562512847.1271746, 1562512847.9278917, 1562512848.7286615, 1562512849.5294867, 