{"initial_reset_timestamp": 1562510239.4740374, "timestamps": [1562510298.355188, 1562510310.6426344, 1562510313.6502645, 1562510317.802524, 1562510322.176009, 1562510325.7857254, 1562510328.8738253, 1562510331.8857474, 1562510334.8783085, 1562510337.785848, 1562510340.6136796, 1562510342.741803, 1562510348.5785005, 1562510350.864564, 1562510354.935799, 1562510357.3216124, 1562510360.309591, 1562510367.2891917, 1562510374.8417985, 1562510381.5472648, 1562510384.4953797, 1562510386.6209445, 1562510388.7462833, 1562510399.503439, 1562510402.4127016, 1562510409.6139536, 1562510415.7134492, 1562510431.4256737, 1562510438.8687468, 1562510441.6963892, 1562510447.232516, 1562510457.309426, 1562510459.5983205, 1562510465.715961, 1562510468.7038884, 1562510471.6725085, 1562510487.6628826, 1562510490.3296459, 1562510496.4268184, 1562510498.554019, 1562510502.4861143, 1562510508.6037583, 1562510512.8552659, 1562510527.9468956, 1562510530.4946918, 1562510534.4329753, 1562510548.9810214, 1562510551.9228578, 1562510554.8105192, 1562510558.7618046, 1562510561.710878, 1562510565.6436856, 1562510577.2219894, 1562510579.5277436, 1562510581.9339254, 1562510584.9017973, 1562510589.0332098, 1562510604.0417778, 1562510618.6358573, 1562510621.3227065, 1562510623.5752547, 1562510627.4472015, 1562510631.7517524, 1562510637.1748774], "episode_lengths": [2924, 591, 129, 186, 197, 159, 133, 129, 128, 124, 120, 85, 270, 93, 182, 98, 128, 327, 355, 313, 126, 85, 85, 515, 124, 338, 283, 762, 350, 120, 255, 481, 93, 284, 128, 127, 776, 112, 283, 85, 175, 284, 191, 731, 106, 175, 704, 124, 123, 176, 126, 175, 556, 94, 99, 127, 185, 727, 706, 113, 88, 172, 193, 249], "episode_rewards": [-2924.0, -591.0, -129.0, -186.0, -197.0, -159.0, -133.0, -129.0, -128.0, -124.0, -120.0, -85.0, -270.0, -93.0, -182.0, -98.0, -128.0, -327.0, -355.0, -313.0, -126.0, -85.0, -85.0, -515.0, -124.0, -338.0, -283.0, -762.0, -350.0, -120.0, -255.0, -481.0, -93.0, -284.0, -128.0, -127.0, -776.0, -112.0, -283.0, -85.0, -175.0, -284.0, -191.0, -731.0, -106.0, -175.0, -704.0, -124.0, -123.0, -176.0, -126.0, -175.0, -556.0, -94.0, -99.0, -127.0, -185.0, -727.0, -706.0, -113.0, -88.0, -172.0, -193.0, -249.0], "episode_types": ["t", "t", "t", "t", "t", "t", "t", "t", "t", "t", "t", "t", "t", "t", "t", "t", "t", "t", "t", "t", "t", "t", "t", "t", "t", "t", "t", "t", "t", "t", "t", "t", "t", "t", "t", "t", "t", "t", "t", "t", "t", "t", "t", "t", "t", "t", "t", "t", "t", "t", "t", "t", "t", "t", "t", "t", "t", "t", "t", "t", "t", "t", "t", "t", "t", "t"]}